1	Basic Block List	Simple Fill
2	Basic Block List	White Outline
3	Basic Block List	Subtle Effect
4	Basic Block List	Moderate Effect
5	Basic Block List	Intense Effect
6	Basic Block List	Polished
7	Basic Block List	Inset
8	Basic Block List	Cartoon
9	Basic Block List	Powder
10	Basic Block List	Brick Scene
11	Basic Block List	Flat Scene
12	Basic Block List	Metallic Scene
13	Basic Block List	Sunset Scene
14	Basic Block List	Bird's Eye Scene
15	Basic Process	Simple Fill
16	Basic Process	White Outline
17	Basic Process	Subtle Effect
18	Basic Process	Moderate Effect
19	Basic Process	Intense Effect
20	Basic Process	Polished
21	Basic Process	Inset
22	Basic Process	Cartoon
23	Basic Process	Powder
24	Basic Process	Brick Scene
25	Basic Process	Flat Scene
26	Basic Process	Metallic Scene
27	Basic Process	Sunset Scene
28	Basic Process	Bird's Eye Scene
29	Basic Cycle	Simple Fill
30	Basic Cycle	White Outline
31	Basic Cycle	Subtle Effect
32	Basic Cycle	Moderate Effect
33	Basic Cycle	Intense Effect
34	Basic Cycle	Polished
35	Basic Cycle	Inset
36	Basic Cycle	Cartoon
37	Basic Cycle	Powder
38	Basic Cycle	Brick Scene
39	Basic Cycle	Flat Scene
40	Basic Cycle	Metallic Scene
41	Basic Cycle	Sunset Scene
42	Basic Cycle	Bird's Eye Scene
43	Organization Chart	Simple Fill
44	Organization Chart	White Outline
45	Organization Chart	Subtle Effect
46	Organization Chart	Moderate Effect
47	Organization Chart	Intense Effect
48	Organization Chart	Polished
49	Organization Chart	Inset
50	Organization Chart	Cartoon
51	Organization Chart	Powder
52	Organization Chart	Brick Scene
53	Organization Chart	Flat Scene
54	Organization Chart	Metallic Scene
55	Organization Chart	Sunset Scene
56	Organization Chart	Bird's Eye Scene
57	Basic Pyramid	Simple Fill
58	Basic Pyramid	White Outline
59	Basic Pyramid	Subtle Effect
60	Basic Pyramid	Moderate Effect
61	Basic Pyramid	Intense Effect
62	Basic Pyramid	Polished
63	Basic Pyramid	Inset
64	Basic Pyramid	Cartoon
65	Basic Pyramid	Powder
66	Basic Pyramid	Brick Scene
67	Basic Pyramid	Flat Scene
68	Basic Pyramid	Metallic Scene
69	Basic Pyramid	Sunset Scene
70	Basic Pyramid	Bird's Eye Scene
71	Basic Venn	Simple Fill
72	Basic Venn	White Outline
73	Basic Venn	Subtle Effect
74	Basic Venn	Moderate Effect
75	Basic Venn	Intense Effect
76	Basic Venn	Polished
77	Basic Venn	Inset
78	Basic Venn	Cartoon
79	Basic Venn	Powder
80	Basic Venn	Brick Scene
81	Basic Venn	Flat Scene
82	Basic Venn	Metallic Scene
83	Basic Venn	Sunset Scene
84	Basic Venn	Bird's Eye Scene
85	Basic Chevron Process	Simple Fill
86	Basic Chevron Process	White Outline
87	Basic Chevron Process	Subtle Effect
88	Basic Chevron Process	Moderate Effect
89	Basic Chevron Process	Intense Effect
90	Basic Chevron Process	Polished
91	Basic Chevron Process	Inset
92	Basic Chevron Process	Cartoon
93	Basic Chevron Process	Powder
94	Basic Chevron Process	Brick Scene
95	Basic Chevron Process	Flat Scene
96	Basic Chevron Process	Metallic Scene
97	Basic Chevron Process	Sunset Scene
98	Basic Chevron Process	Bird's Eye Scene
99	Basic Radial	Simple Fill
100	Basic Radial	White Outline
101	Basic Radial	Subtle Effect
102	Basic Radial	Moderate Effect
103	Basic Radial	Intense Effect
104	Basic Radial	Polished
105	Basic Radial	Inset
106	Basic Radial	Cartoon
107	Basic Radial	Powder
108	Basic Radial	Brick Scene
109	Basic Radial	Flat Scene
110	Basic Radial	Metallic Scene
111	Basic Radial	Sunset Scene
112	Basic Radial	Bird's Eye Scene
